\set ECHO none
show server_version \gset
\ir sql/:server_version/import.sql
SET datestyle = 'ISO';
SET client_min_messages = WARNING;
SET log_statement TO 'none';
--Testcase 1:
CREATE EXTENSION parquet_s3_fdw;
--Testcase 2:
DROP ROLE IF EXISTS regress_parquet_s3_fdw;
--Testcase 3:
CREATE ROLE regress_parquet_s3_fdw LOGIN SUPERUSER;
--Testcase 4:
CREATE SERVER parquet_s3_srv FOREIGN DATA WRAPPER parquet_s3_fdw :USE_MINIO;
--Testcase 5:
CREATE USER MAPPING FOR regress_parquet_s3_fdw SERVER parquet_s3_srv :USER_PASSWORD;
SET ROLE regress_parquet_s3_fdw;
-- import foreign schema
\set var '\"':PATH_FILENAME'\/data\/simple\"'
IMPORT FOREIGN SCHEMA :var FROM SERVER parquet_s3_srv INTO public OPTIONS (sorted 'one');
--Testcase 6:
\d
                     List of relations
 Schema |   Name   |     Type      |         Owner          
--------+----------+---------------+------------------------
 public | example1 | foreign table | regress_parquet_s3_fdw
 public | example2 | foreign table | regress_parquet_s3_fdw
(2 rows)

--Testcase 7:
SELECT * FROM example2;
 one |   two   | three |        four         |    five    | six 
-----+---------+-------+---------------------+------------+-----
   1 | {19,20} | eins  | 2018-01-01 00:00:00 | 2018-01-01 | t
   3 | {21,22} | zwei  | 2018-01-03 00:00:00 | 2018-01-03 | f
   5 | {23,24} | drei  | 2018-01-05 00:00:00 | 2018-01-05 | t
   7 | {25,26} | vier  | 2018-01-07 00:00:00 | 2018-01-07 | f
   9 | {27,28} | fünf  | 2018-01-09 00:00:00 | 2018-01-09 | t
(5 rows)

-- import_parquet
--Testcase 8:
CREATE FUNCTION list_parquet_s3_files(args jsonb)
RETURNS text[] as
$$
    SELECT array_agg(args->>'dir' || filename)
    FROM (VALUES
        ('/example1.parquet', 'simple'),
        ('/example2.parquet', 'simple'),
        ('/example3.parquet', 'complex')
    ) AS files(filename, filetype)
    WHERE filetype = args->>'type';
$$
LANGUAGE SQL;
\set var  '{"dir": "':PATH_FILENAME'/data/simple", "type": "simple"}'
--Testcase 9:
SELECT import_parquet_s3(
    'example_import',
    'public',
    'parquet_s3_srv',
    'list_parquet_s3_files',
    :'var',
    '{"sorted": "one"}');
 import_parquet_s3 
-------------------
 
(1 row)

--Testcase 10:
SELECT * FROM example_import ORDER BY one, three;
 one |    two     | three |        four         |    five    | six | seven 
-----+------------+-------+---------------------+------------+-----+-------
   1 | {19,20}    | eins  | 2018-01-01 00:00:00 | 2018-01-01 | t   |      
   1 | {1,2,3}    | foo   | 2018-01-01 00:00:00 | 2018-01-01 | t   |   0.5
   2 | {NULL,5,6} | bar   | 2018-01-02 00:00:00 | 2018-01-02 | f   |      
   3 | {7,8,9}    | baz   | 2018-01-03 00:00:00 | 2018-01-03 | t   |     1
   3 | {21,22}    | zwei  | 2018-01-03 00:00:00 | 2018-01-03 | f   |      
   4 | {10,11,12} | uno   | 2018-01-04 00:00:00 | 2018-01-04 | f   |   1.5
   5 | {13,14,15} | dos   | 2018-01-05 00:00:00 | 2018-01-05 | f   |      
   5 | {23,24}    | drei  | 2018-01-05 00:00:00 | 2018-01-05 | t   |      
   6 | {16,17,18} | tres  | 2018-01-06 00:00:00 | 2018-01-06 | f   |     2
   7 | {25,26}    | vier  | 2018-01-07 00:00:00 | 2018-01-07 | f   |      
   9 | {27,28}    | fünf  | 2018-01-09 00:00:00 | 2018-01-09 | t   |      
(11 rows)

--Testcase 11:
SELECT import_parquet_s3_explicit(
    'example_import2',
    'public',
    'parquet_s3_srv',
    array['one', 'three', 'six'],
    array['int8', 'text', 'bool']::regtype[],
    'list_parquet_s3_files',
    :'var',
    '{"sorted": "one"}');
 import_parquet_s3_explicit 
----------------------------
 
(1 row)

--Testcase 12:
SELECT * FROM example_import2;
 one | three | six 
-----+-------+-----
   1 | foo   | t
   2 | bar   | f
   3 | baz   | t
   4 | uno   | f
   5 | dos   | f
   6 | tres  | f
   1 | eins  | t
   3 | zwei  | f
   5 | drei  | t
   7 | vier  | f
   9 | fünf  | t
(11 rows)

\set var  '{"dir": "':PATH_FILENAME'/data/complex", "type": "complex"}'
--Testcase 13:
SELECT import_parquet_s3(
    'example_import3',
    'public',
    'parquet_s3_srv',
    'list_parquet_s3_files',
    :'var');
 import_parquet_s3 
-------------------
 
(1 row)

--Testcase 14:
SELECT * FROM example_import3;
                 one                  |                 two                  | three 
--------------------------------------+--------------------------------------+-------
 {"1": "foo", "2": "bar", "3": "baz"} | {"2018-01-01": 10, "2018-01-02": 15} |     1
 {"4": "test1", "5": "test2"}         | {"2018-01-03": 20, "2018-01-04": 25} |     2
(2 rows)

--Testcase 15:
DROP FUNCTION list_parquet_s3_files;
--Testcase 16:
DROP EXTENSION parquet_s3_fdw CASCADE;
